<annotation verified="yes">
	<folder>resized_images</folder>
	<filename>resized_image_13.jpg</filename>
	<path>/home/azzubair/Desktop/DataMicron/RND/Banking-Form-Segmentation/jpg_forms/resized_images/resized_image_13.jpg</path>
	<source>
		<database>Unknown</database>
	</source>
	<size>
		<width>730</width>
		<height>1022</height>
		<depth>3</depth>
	</size>
	<segmented>0</segmented>
	<object>
		<name>Logo</name>
		<pose>Unspecified</pose>
		<truncated>0</truncated>
		<difficult>0</difficult>
		<bndbox>
			<xmin>501</xmin>
			<ymin>19</ymin>
			<xmax>687</xmax>
			<ymax>69</ymax>
		</bndbox>
	</object>
	<object>
		<name>Name</name>
		<pose>Unspecified</pose>
		<truncated>0</truncated>
		<difficult>0</difficult>
		<bndbox>
			<xmin>43</xmin>
			<ymin>124</ymin>
			<xmax>363</xmax>
			<ymax>156</ymax>
		</bndbox>
	</object>
	<object>
		<name>Mobile_Number</name>
		<pose>Unspecified</pose>
		<truncated>0</truncated>
		<difficult>0</difficult>
		<bndbox>
			<xmin>44</xmin>
			<ymin>211</ymin>
			<xmax>364</xmax>
			<ymax>228</ymax>
		</bndbox>
	</object>
	<object>
		<name>Email</name>
		<pose>Unspecified</pose>
		<truncated>0</truncated>
		<difficult>0</difficult>
		<bndbox>
			<xmin>44</xmin>
			<ymin>246</ymin>
			<xmax>364</xmax>
			<ymax>266</ymax>
		</bndbox>
	</object>
	<object>
		<name>Date</name>
		<pose>Unspecified</pose>
		<truncated>0</truncated>
		<difficult>0</difficult>
		<bndbox>
			<xmin>557</xmin>
			<ymin>81</ymin>
			<xmax>688</xmax>
			<ymax>119</ymax>
		</bndbox>
	</object>
	<object>
		<name>Form_Type</name>
		<pose>Unspecified</pose>
		<truncated>0</truncated>
		<difficult>0</difficult>
		<bndbox>
			<xmin>19</xmin>
			<ymin>32</ymin>
			<xmax>390</xmax>
			<ymax>54</ymax>
		</bndbox>
	</object>
</annotation>
