<annotation verified="yes">
	<folder>resized_images</folder>
	<filename>resized_image_39.jpg</filename>
	<path>/home/azzubair/Desktop/DataMicron/RND/Banking-Form-Segmentation/jpg_forms/resized_images/resized_image_39.jpg</path>
	<source>
		<database>Unknown</database>
	</source>
	<size>
		<width>730</width>
		<height>1022</height>
		<depth>3</depth>
	</size>
	<segmented>0</segmented>
	<object>
		<name>Logo</name>
		<pose>Unspecified</pose>
		<truncated>0</truncated>
		<difficult>0</difficult>
		<bndbox>
			<xmin>63</xmin>
			<ymin>16</ymin>
			<xmax>188</xmax>
			<ymax>52</ymax>
		</bndbox>
	</object>
	<object>
		<name>Form_Type</name>
		<pose>Unspecified</pose>
		<truncated>0</truncated>
		<difficult>0</difficult>
		<bndbox>
			<xmin>360</xmin>
			<ymin>26</ymin>
			<xmax>702</xmax>
			<ymax>74</ymax>
		</bndbox>
	</object>
	<object>
		<name>Name</name>
		<pose>Unspecified</pose>
		<truncated>0</truncated>
		<difficult>0</difficult>
		<bndbox>
			<xmin>64</xmin>
			<ymin>297</ymin>
			<xmax>381</xmax>
			<ymax>341</ymax>
		</bndbox>
	</object>
	<object>
		<name>Name</name>
		<pose>Unspecified</pose>
		<truncated>0</truncated>
		<difficult>0</difficult>
		<bndbox>
			<xmin>387</xmin>
			<ymin>296</ymin>
			<xmax>702</xmax>
			<ymax>341</ymax>
		</bndbox>
	</object>
	<object>
		<name>Name</name>
		<pose>Unspecified</pose>
		<truncated>0</truncated>
		<difficult>0</difficult>
		<bndbox>
			<xmin>63</xmin>
			<ymin>389</ymin>
			<xmax>703</xmax>
			<ymax>426</ymax>
		</bndbox>
	</object>
	<object>
		<name>Mobile_Number</name>
		<pose>Unspecified</pose>
		<truncated>0</truncated>
		<difficult>0</difficult>
		<bndbox>
			<xmin>280</xmin>
			<ymin>429</ymin>
			<xmax>489</xmax>
			<ymax>468</ymax>
		</bndbox>
	</object>
</annotation>
