<annotation verified="yes">
	<folder>resized_images</folder>
	<filename>resized_image_32.jpg</filename>
	<path>/home/azzubair/Desktop/DataMicron/RND/Banking-Form-Segmentation/jpg_forms/resized_images/resized_image_32.jpg</path>
	<source>
		<database>Unknown</database>
	</source>
	<size>
		<width>730</width>
		<height>1022</height>
		<depth>3</depth>
	</size>
	<segmented>0</segmented>
	<object>
		<name>Form_Type</name>
		<pose>Unspecified</pose>
		<truncated>0</truncated>
		<difficult>0</difficult>
		<bndbox>
			<xmin>21</xmin>
			<ymin>15</ymin>
			<xmax>254</xmax>
			<ymax>64</ymax>
		</bndbox>
	</object>
	<object>
		<name>Name</name>
		<pose>Unspecified</pose>
		<truncated>0</truncated>
		<difficult>0</difficult>
		<bndbox>
			<xmin>21</xmin>
			<ymin>209</ymin>
			<xmax>704</xmax>
			<ymax>258</ymax>
		</bndbox>
	</object>
	<object>
		<name>Logo</name>
		<pose>Unspecified</pose>
		<truncated>0</truncated>
		<difficult>0</difficult>
		<bndbox>
			<xmin>10</xmin>
			<ymin>956</ymin>
			<xmax>179</xmax>
			<ymax>1004</ymax>
		</bndbox>
	</object>
	<object>
		<name>Date</name>
		<pose>Unspecified</pose>
		<truncated>0</truncated>
		<difficult>0</difficult>
		<bndbox>
			<xmin>443</xmin>
			<ymin>704</ymin>
			<xmax>703</xmax>
			<ymax>739</ymax>
		</bndbox>
	</object>
</annotation>
