<annotation verified="yes">
	<folder>resized_images</folder>
	<filename>resized_image_9.jpg</filename>
	<path>/home/azzubair/Desktop/DataMicron/RND/Banking-Form-Segmentation/jpg_forms/resized_images/resized_image_9.jpg</path>
	<source>
		<database>Unknown</database>
	</source>
	<size>
		<width>730</width>
		<height>1022</height>
		<depth>3</depth>
	</size>
	<segmented>0</segmented>
	<object>
		<name>Address</name>
		<pose>Unspecified</pose>
		<truncated>0</truncated>
		<difficult>0</difficult>
		<bndbox>
			<xmin>30</xmin>
			<ymin>58</ymin>
			<xmax>360</xmax>
			<ymax>117</ymax>
		</bndbox>
	</object>
	<object>
		<name>Mobile_Number</name>
		<pose>Unspecified</pose>
		<truncated>0</truncated>
		<difficult>0</difficult>
		<bndbox>
			<xmin>368</xmin>
			<ymin>233</ymin>
			<xmax>702</xmax>
			<ymax>258</ymax>
		</bndbox>
	</object>
	<object>
		<name>Email</name>
		<pose>Unspecified</pose>
		<truncated>0</truncated>
		<difficult>0</difficult>
		<bndbox>
			<xmin>369</xmin>
			<ymin>262</ymin>
			<xmax>702</xmax>
			<ymax>303</ymax>
		</bndbox>
	</object>
</annotation>
