<annotation verified="yes">
	<folder>resized_images</folder>
	<filename>resized_image_120.jpg</filename>
	<path>/home/azzubair/Desktop/DataMicron/RND/Banking-Form-Segmentation/jpg_forms/resized_images/resized_image_120.jpg</path>
	<source>
		<database>Unknown</database>
	</source>
	<size>
		<width>730</width>
		<height>1022</height>
		<depth>3</depth>
	</size>
	<segmented>0</segmented>
	<object>
		<name>Logo</name>
		<pose>Unspecified</pose>
		<truncated>0</truncated>
		<difficult>0</difficult>
		<bndbox>
			<xmin>24</xmin>
			<ymin>36</ymin>
			<xmax>163</xmax>
			<ymax>90</ymax>
		</bndbox>
	</object>
	<object>
		<name>Name</name>
		<pose>Unspecified</pose>
		<truncated>0</truncated>
		<difficult>0</difficult>
		<bndbox>
			<xmin>20</xmin>
			<ymin>486</ymin>
			<xmax>712</xmax>
			<ymax>529</ymax>
		</bndbox>
	</object>
	<object>
		<name>Form_Type</name>
		<pose>Unspecified</pose>
		<truncated>0</truncated>
		<difficult>0</difficult>
		<bndbox>
			<xmin>204</xmin>
			<ymin>162</ymin>
			<xmax>520</xmax>
			<ymax>181</ymax>
		</bndbox>
	</object>
	<object>
		<name>IC</name>
		<pose>Unspecified</pose>
		<truncated>0</truncated>
		<difficult>0</difficult>
		<bndbox>
			<xmin>20</xmin>
			<ymin>584</ymin>
			<xmax>429</xmax>
			<ymax>608</ymax>
		</bndbox>
	</object>
	<object>
		<name>Address</name>
		<pose>Unspecified</pose>
		<truncated>0</truncated>
		<difficult>0</difficult>
		<bndbox>
			<xmin>19</xmin>
			<ymin>632</ymin>
			<xmax>712</xmax>
			<ymax>709</ymax>
		</bndbox>
	</object>
	<object>
		<name>Mobile_Number</name>
		<pose>Unspecified</pose>
		<truncated>0</truncated>
		<difficult>0</difficult>
		<bndbox>
			<xmin>443</xmin>
			<ymin>807</ymin>
			<xmax>712</xmax>
			<ymax>828</ymax>
		</bndbox>
	</object>
	<object>
		<name>Email</name>
		<pose>Unspecified</pose>
		<truncated>0</truncated>
		<difficult>0</difficult>
		<bndbox>
			<xmin>190</xmin>
			<ymin>828</ymin>
			<xmax>714</xmax>
			<ymax>848</ymax>
		</bndbox>
	</object>
</annotation>
