<annotation verified="yes">
	<folder>resized_images</folder>
	<filename>resized_image_048.jpg</filename>
	<path>/home/azzubair/Desktop/DataMicron/RND/myOCR_banking_form/jpg_forms/resized_images/resized_image_048.jpg</path>
	<source>
		<database>Unknown</database>
	</source>
	<size>
		<width>1000</width>
		<height>1000</height>
		<depth>3</depth>
	</size>
	<segmented>0</segmented>
	<object>
		<name>Logo</name>
		<pose>Unspecified</pose>
		<truncated>0</truncated>
		<difficult>0</difficult>
		<bndbox>
			<xmin>45</xmin>
			<ymin>22</ymin>
			<xmax>204</xmax>
			<ymax>53</ymax>
		</bndbox>
	</object>
	<object>
		<name>Name</name>
		<pose>Unspecified</pose>
		<truncated>0</truncated>
		<difficult>0</difficult>
		<bndbox>
			<xmin>34</xmin>
			<ymin>175</ymin>
			<xmax>489</xmax>
			<ymax>217</ymax>
		</bndbox>
	</object>
	<object>
		<name>IC</name>
		<pose>Unspecified</pose>
		<truncated>0</truncated>
		<difficult>0</difficult>
		<bndbox>
			<xmin>221</xmin>
			<ymin>281</ymin>
			<xmax>470</xmax>
			<ymax>310</ymax>
		</bndbox>
	</object>
	<object>
		<name>Name</name>
		<pose>Unspecified</pose>
		<truncated>0</truncated>
		<difficult>0</difficult>
		<bndbox>
			<xmin>34</xmin>
			<ymin>344</ymin>
			<xmax>398</xmax>
			<ymax>372</ymax>
		</bndbox>
	</object>
	<object>
		<name>Gender</name>
		<pose>Unspecified</pose>
		<truncated>0</truncated>
		<difficult>0</difficult>
		<bndbox>
			<xmin>34</xmin>
			<ymin>372</ymin>
			<xmax>372</xmax>
			<ymax>385</ymax>
		</bndbox>
	</object>
	<object>
		<name>Address</name>
		<pose>Unspecified</pose>
		<truncated>0</truncated>
		<difficult>0</difficult>
		<bndbox>
			<xmin>32</xmin>
			<ymin>747</ymin>
			<xmax>487</xmax>
			<ymax>835</ymax>
		</bndbox>
	</object>
	<object>
		<name>Mobile_Number</name>
		<pose>Unspecified</pose>
		<truncated>0</truncated>
		<difficult>0</difficult>
		<bndbox>
			<xmin>511</xmin>
			<ymin>263</ymin>
			<xmax>955</xmax>
			<ymax>280</ymax>
		</bndbox>
	</object>
	<object>
		<name>Email</name>
		<pose>Unspecified</pose>
		<truncated>0</truncated>
		<difficult>0</difficult>
		<bndbox>
			<xmin>510</xmin>
			<ymin>307</ymin>
			<xmax>970</xmax>
			<ymax>325</ymax>
		</bndbox>
	</object>
	<object>
		<name>Marital_Status</name>
		<pose>Unspecified</pose>
		<truncated>0</truncated>
		<difficult>0</difficult>
		<bndbox>
			<xmin>515</xmin>
			<ymin>401</ymin>
			<xmax>955</xmax>
			<ymax>430</ymax>
		</bndbox>
	</object>
	<object>
		<name>Name</name>
		<pose>Unspecified</pose>
		<truncated>0</truncated>
		<difficult>0</difficult>
		<bndbox>
			<xmin>514</xmin>
			<ymin>516</ymin>
			<xmax>971</xmax>
			<ymax>560</ymax>
		</bndbox>
	</object>
	<object>
		<name>Address</name>
		<pose>Unspecified</pose>
		<truncated>0</truncated>
		<difficult>0</difficult>
		<bndbox>
			<xmin>512</xmin>
			<ymin>669</ymin>
			<xmax>970</xmax>
			<ymax>765</ymax>
		</bndbox>
	</object>
	<object>
		<name>IC</name>
		<pose>Unspecified</pose>
		<truncated>0</truncated>
		<difficult>0</difficult>
		<bndbox>
			<xmin>361</xmin>
			<ymin>854</ymin>
			<xmax>694</xmax>
			<ymax>873</ymax>
		</bndbox>
	</object>
	<object>
		<name>Signature</name>
		<pose>Unspecified</pose>
		<truncated>0</truncated>
		<difficult>0</difficult>
		<bndbox>
			<xmin>32</xmin>
			<ymin>895</ymin>
			<xmax>501</xmax>
			<ymax>972</ymax>
		</bndbox>
	</object>
	<object>
		<name>Signature</name>
		<pose>Unspecified</pose>
		<truncated>0</truncated>
		<difficult>0</difficult>
		<bndbox>
			<xmin>505</xmin>
			<ymin>895</ymin>
			<xmax>974</xmax>
			<ymax>967</ymax>
		</bndbox>
	</object>
</annotation>