<annotation verified="yes">
	<folder>resized_images</folder>
	<filename>selected_image_copy_132.jpg</filename>
	<path>/home/azzubair/Desktop/DataMicron/RND/myOCR_banking_form/jpg_forms/resized_images/resized_image_041.jpg</path>
	<source>
		<database>Unknown</database>
	</source>
	<size>
		<width>1000</width>
		<height>1000</height>
		<depth>3</depth>
	</size>
	<segmented>0</segmented>
	<object>
		<name>Signature</name>
		<pose>Unspecified</pose>
		<truncated>0</truncated>
		<difficult>0</difficult>
		<bndbox>
			<xmin>290</xmin>
			<ymin>784</ymin>
			<xmax>488</xmax>
			<ymax>860</ymax>
		</bndbox>
	</object>
	<object>
		<name>Signature</name>
		<pose>Unspecified</pose>
		<truncated>0</truncated>
		<difficult>0</difficult>
		<bndbox>
			<xmin>610</xmin>
			<ymin>784</ymin>
			<xmax>812</xmax>
			<ymax>861</ymax>
		</bndbox>
	</object>
	<object>
		<name>Name</name>
		<pose>Unspecified</pose>
		<truncated>0</truncated>
		<difficult>0</difficult>
		<bndbox>
			<xmin>265</xmin>
			<ymin>861</ymin>
			<xmax>500</xmax>
			<ymax>879</ymax>
		</bndbox>
	</object>
	<object>
		<name>Name</name>
		<pose>Unspecified</pose>
		<truncated>0</truncated>
		<difficult>0</difficult>
		<bndbox>
			<xmin>583</xmin>
			<ymin>862</ymin>
			<xmax>838</xmax>
			<ymax>879</ymax>
		</bndbox>
	</object>
	<object>
		<name>IC</name>
		<pose>Unspecified</pose>
		<truncated>0</truncated>
		<difficult>0</difficult>
		<bndbox>
			<xmin>263</xmin>
			<ymin>880</ymin>
			<xmax>502</xmax>
			<ymax>890</ymax>
		</bndbox>
	</object>
	<object>
		<name>IC</name>
		<pose>Unspecified</pose>
		<truncated>0</truncated>
		<difficult>0</difficult>
		<bndbox>
			<xmin>582</xmin>
			<ymin>880</ymin>
			<xmax>838</xmax>
			<ymax>890</ymax>
		</bndbox>
	</object>
	<object>
		<name>Logo</name>
		<pose>Unspecified</pose>
		<truncated>0</truncated>
		<difficult>0</difficult>
		<bndbox>
			<xmin>31</xmin>
			<ymin>936</ymin>
			<xmax>204</xmax>
			<ymax>972</ymax>
		</bndbox>
	</object>
</annotation>