<annotation verified="yes">
	<folder>resized_images</folder>
	<filename>selected_image_copy_158.jpg</filename>
	<path>/home/azzubair/Desktop/DataMicron/RND/myOCR_banking_form/jpg_forms/resized_images/resized_image_051.jpg</path>
	<source>
		<database>Unknown</database>
	</source>
	<size>
		<width>1000</width>
		<height>1000</height>
		<depth>3</depth>
	</size>
	<segmented>0</segmented>
	<object>
		<name>Logo</name>
		<pose>Unspecified</pose>
		<truncated>0</truncated>
		<difficult>0</difficult>
		<bndbox>
			<xmin>821</xmin>
			<ymin>10</ymin>
			<xmax>969</xmax>
			<ymax>61</ymax>
		</bndbox>
	</object>
	<object>
		<name>IC</name>
		<pose>Unspecified</pose>
		<truncated>0</truncated>
		<difficult>0</difficult>
		<bndbox>
			<xmin>40</xmin>
			<ymin>499</ymin>
			<xmax>489</xmax>
			<ymax>526</ymax>
		</bndbox>
	</object>
	<object>
		<name>Name</name>
		<pose>Unspecified</pose>
		<truncated>0</truncated>
		<difficult>0</difficult>
		<bndbox>
			<xmin>39</xmin>
			<ymin>544</ymin>
			<xmax>907</xmax>
			<ymax>577</ymax>
		</bndbox>
	</object>
	<object>
		<name>Gender</name>
		<pose>Unspecified</pose>
		<truncated>0</truncated>
		<difficult>0</difficult>
		<bndbox>
			<xmin>40</xmin>
			<ymin>601</ymin>
			<xmax>359</xmax>
			<ymax>619</ymax>
		</bndbox>
	</object>
	<object>
		<name>Marital_Status</name>
		<pose>Unspecified</pose>
		<truncated>0</truncated>
		<difficult>0</difficult>
		<bndbox>
			<xmin>39</xmin>
			<ymin>687</ymin>
			<xmax>560</xmax>
			<ymax>711</ymax>
		</bndbox>
	</object>
	<object>
		<name>Name</name>
		<pose>Unspecified</pose>
		<truncated>0</truncated>
		<difficult>0</difficult>
		<bndbox>
			<xmin>39</xmin>
			<ymin>713</ymin>
			<xmax>618</xmax>
			<ymax>737</ymax>
		</bndbox>
	</object>
	<object>
		<name>Mobile_Number</name>
		<pose>Unspecified</pose>
		<truncated>0</truncated>
		<difficult>0</difficult>
		<bndbox>
			<xmin>38</xmin>
			<ymin>761</ymin>
			<xmax>447</xmax>
			<ymax>785</ymax>
		</bndbox>
	</object>
	<object>
		<name>Email</name>
		<pose>Unspecified</pose>
		<truncated>0</truncated>
		<difficult>0</difficult>
		<bndbox>
			<xmin>450</xmin>
			<ymin>609</ymin>
			<xmax>982</xmax>
			<ymax>642</ymax>
		</bndbox>
	</object>
	<object>
		<name>Address</name>
		<pose>Unspecified</pose>
		<truncated>0</truncated>
		<difficult>0</difficult>
		<bndbox>
			<xmin>38</xmin>
			<ymin>811</ymin>
			<xmax>983</xmax>
			<ymax>849</ymax>
		</bndbox>
	</object>
	<object>
		<name>Mobile_Number</name>
		<pose>Unspecified</pose>
		<truncated>0</truncated>
		<difficult>0</difficult>
		<bndbox>
			<xmin>614</xmin>
			<ymin>873</ymin>
			<xmax>979</xmax>
			<ymax>897</ymax>
		</bndbox>
	</object>
</annotation>