<annotation verified="yes">
	<folder>resized_images</folder>
	<filename>selected_image_copy_165.jpg</filename>
	<path>/home/azzubair/Desktop/DataMicron/RND/myOCR_banking_form/jpg_forms/resized_images/resized_image_053.jpg</path>
	<source>
		<database>Unknown</database>
	</source>
	<size>
		<width>1000</width>
		<height>1000</height>
		<depth>3</depth>
	</size>
	<segmented>0</segmented>
	<object>
		<name>Name</name>
		<pose>Unspecified</pose>
		<truncated>0</truncated>
		<difficult>0</difficult>
		<bndbox>
			<xmin>39</xmin>
			<ymin>42</ymin>
			<xmax>771</xmax>
			<ymax>66</ymax>
		</bndbox>
	</object>
	<object>
		<name>Mobile_Number</name>
		<pose>Unspecified</pose>
		<truncated>0</truncated>
		<difficult>0</difficult>
		<bndbox>
			<xmin>39</xmin>
			<ymin>91</ymin>
			<xmax>388</xmax>
			<ymax>115</ymax>
		</bndbox>
	</object>
	<object>
		<name>IC</name>
		<pose>Unspecified</pose>
		<truncated>0</truncated>
		<difficult>0</difficult>
		<bndbox>
			<xmin>37</xmin>
			<ymin>293</ymin>
			<xmax>491</xmax>
			<ymax>319</ymax>
		</bndbox>
	</object>
	<object>
		<name>Name</name>
		<pose>Unspecified</pose>
		<truncated>0</truncated>
		<difficult>0</difficult>
		<bndbox>
			<xmin>39</xmin>
			<ymin>335</ymin>
			<xmax>908</xmax>
			<ymax>370</ymax>
		</bndbox>
	</object>
	<object>
		<name>Name</name>
		<pose>Unspecified</pose>
		<truncated>0</truncated>
		<difficult>0</difficult>
		<bndbox>
			<xmin>39</xmin>
			<ymin>370</ymin>
			<xmax>597</xmax>
			<ymax>394</ymax>
		</bndbox>
	</object>
	<object>
		<name>Gender</name>
		<pose>Unspecified</pose>
		<truncated>0</truncated>
		<difficult>0</difficult>
		<bndbox>
			<xmin>38</xmin>
			<ymin>395</ymin>
			<xmax>362</xmax>
			<ymax>411</ymax>
		</bndbox>
	</object>
	<object>
		<name>Marital_Status</name>
		<pose>Unspecified</pose>
		<truncated>0</truncated>
		<difficult>0</difficult>
		<bndbox>
			<xmin>38</xmin>
			<ymin>480</ymin>
			<xmax>561</xmax>
			<ymax>504</ymax>
		</bndbox>
	</object>
	<object>
		<name>Email</name>
		<pose>Unspecified</pose>
		<truncated>0</truncated>
		<difficult>0</difficult>
		<bndbox>
			<xmin>453</xmin>
			<ymin>406</ymin>
			<xmax>980</xmax>
			<ymax>432</ymax>
		</bndbox>
	</object>
	<object>
		<name>Name</name>
		<pose>Unspecified</pose>
		<truncated>0</truncated>
		<difficult>0</difficult>
		<bndbox>
			<xmin>37</xmin>
			<ymin>505</ymin>
			<xmax>618</xmax>
			<ymax>530</ymax>
		</bndbox>
	</object>
	<object>
		<name>Mobile_Number</name>
		<pose>Unspecified</pose>
		<truncated>0</truncated>
		<difficult>0</difficult>
		<bndbox>
			<xmin>37</xmin>
			<ymin>552</ymin>
			<xmax>448</xmax>
			<ymax>578</ymax>
		</bndbox>
	</object>
	<object>
		<name>Address</name>
		<pose>Unspecified</pose>
		<truncated>0</truncated>
		<difficult>0</difficult>
		<bndbox>
			<xmin>35</xmin>
			<ymin>628</ymin>
			<xmax>982</xmax>
			<ymax>667</ymax>
		</bndbox>
	</object>
	<object>
		<name>Mobile_Number</name>
		<pose>Unspecified</pose>
		<truncated>0</truncated>
		<difficult>0</difficult>
		<bndbox>
			<xmin>615</xmin>
			<ymin>691</ymin>
			<xmax>978</xmax>
			<ymax>714</ymax>
		</bndbox>
	</object>
	<object>
		<name>Address</name>
		<pose>Unspecified</pose>
		<truncated>0</truncated>
		<difficult>0</difficult>
		<bndbox>
			<xmin>39</xmin>
			<ymin>741</ymin>
			<xmax>981</xmax>
			<ymax>803</ymax>
		</bndbox>
	</object>
</annotation>