<annotation verified="yes">
	<folder>resized_images</folder>
	<filename>selected_image_copy_016.jpg</filename>
	<path>/home/azzubair/Desktop/DataMicron/RND/myOCR_banking_form/jpg_forms/resized_images/resized_image_003.jpg</path>
	<source>
		<database>Unknown</database>
	</source>
	<size>
		<width>1000</width>
		<height>1000</height>
		<depth>3</depth>
	</size>
	<segmented>0</segmented>
	<object>
		<name>Logo</name>
		<pose>Unspecified</pose>
		<truncated>0</truncated>
		<difficult>0</difficult>
		<bndbox>
			<xmin>672</xmin>
			<ymin>905</ymin>
			<xmax>936</xmax>
			<ymax>955</ymax>
		</bndbox>
	</object>
	<object>
		<name>Logo</name>
		<pose>Unspecified</pose>
		<truncated>0</truncated>
		<difficult>0</difficult>
		<bndbox>
			<xmin>433</xmin>
			<ymin>926</ymin>
			<xmax>664</xmax>
			<ymax>954</ymax>
		</bndbox>
	</object>
</annotation>